test_indices,y_test,y_pred,risk_scores
161,0.0,0.0,1.0
30,1.0,1.0,1.0
1057,0.0,0.0,1.0
353,0.0,0.0,1.0
1000,0.0,0.0,1.0
993,0.0,0.0,1.0
40,1.0,1.0,1.0
104,0.0,0.0,1.0
417,0.0,0.0,1.0
936,0.0,0.0,1.0
47,1.0,1.0,1.0
48,1.0,1.0,1.0
929,0.0,0.0,1.0
424,0.0,0.0,1.0
97,0.0,0.0,1.0
481,0.0,0.0,1.0
872,0.0,0.0,1.0
865,0.0,0.0,1.0
488,0.0,0.0,1.0
545,0.0,0.0,1.0
552,0.0,0.0,1.0
60,1.0,1.0,1.0
808,0.0,0.0,1.0
801,0.0,0.0,1.0
609,0.0,0.0,1.0
616,0.0,0.0,1.0
673,0.0,0.0,1.0
744,0.0,0.0,1.0
737,0.0,0.0,1.0
1064,0.0,0.0,1.0
360,0.0,0.0,1.0
680,0.0,0.0,1.0
296,0.0,0.0,1.0
18,1.0,1.0,1.0
1185,0.0,0.0,1.0
1320,0.0,0.0,1.0
232,0.0,0.0,1.0
1192,0.0,0.0,1.0
1256,0.0,0.0,1.0
1128,0.0,0.0,1.0
5,1.0,1.0,1.0
225,0.0,0.0,1.0
1121,0.0,0.0,1.0
7,1.0,1.0,1.0
1313,0.0,0.0,1.0
1249,0.0,0.0,1.0
3,1.0,1.0,1.0
27,1.0,1.0,1.0
168,0.0,0.0,1.0
289,0.0,0.0,1.0
17,1.0,1.0,1.0
44,1.0,1.0,0.9999999999999993
25,1.0,1.0,0.9999999999999984
172,0.0,0.0,0.9999999999999734
108,0.0,0.0,0.9999999999999685
67,0.0,0.0,0.999999999999952
236,0.0,0.0,0.9999999999999496
131,0.0,0.0,0.999999999999919
300,0.0,0.0,0.9999999999999065
364,0.0,0.0,0.9999999999998541
195,0.0,0.0,0.9999999999998468
428,0.0,0.0,0.9999999999998004
123,0.0,0.0,0.9999999999997633
259,0.0,0.0,0.9999999999997609
492,0.0,0.0,0.9999999999997506
556,0.0,0.0,0.9999999999997069
323,0.0,0.0,0.9999999999996791
620,0.0,0.0,0.9999999999996709
684,0.0,0.0,0.9999999999996414
1283,0.0,0.0,0.9999999999996316
1219,0.0,0.0,0.9999999999996245
387,0.0,0.0,0.9999999999996176
748,0.0,0.0,0.9999999999996174
1155,0.0,0.0,0.9999999999996172
1091,0.0,0.0,0.9999999999996094
126,0.0,0.0,0.9999999999996021
1027,0.0,0.0,0.9999999999996012
812,0.0,0.0,0.9999999999995974
963,0.0,0.0,0.999999999999593
899,0.0,0.0,0.9999999999995846
876,0.0,0.0,0.9999999999995806
451,0.0,0.0,0.9999999999995797
835,0.0,0.0,0.9999999999995759
771,0.0,0.0,0.9999999999995677
940,0.0,0.0,0.9999999999995663
127,0.0,0.0,0.9999999999995612
707,0.0,0.0,0.9999999999995606
515,0.0,0.0,0.9999999999995601
643,0.0,0.0,0.9999999999995552
1004,0.0,0.0,0.9999999999995541
87,0.0,0.0,0.9999999999995541
579,0.0,0.0,0.9999999999995539
1068,0.0,0.0,0.9999999999995437
1132,0.0,0.0,0.9999999999995344
1196,0.0,0.0,0.9999999999995264
1260,0.0,0.0,0.9999999999995193
1324,0.0,0.0,0.9999999999995131
0,1.0,1.0,0.9999999999993952
187,0.0,0.0,0.9999999999993641
64,0.0,0.0,0.9999999999992977
4,1.0,1.0,0.9999999999992135
251,0.0,0.0,0.9999999999990932
191,0.0,0.0,0.9999999999990536
190,0.0,0.0,0.9999999999989735
255,0.0,0.0,0.9999999999987379
315,0.0,0.0,0.9999999999987292
128,0.0,0.0,0.999999999998501
319,0.0,0.0,0.9999999999984659
73,0.0,0.0,0.9999999999984415
151,0.0,0.0,0.9999999999982085
379,0.0,0.0,0.9999999999981779
383,0.0,0.0,0.999999999998082
443,0.0,0.0,0.9999999999976841
447,0.0,0.0,0.9999999999976341
507,0.0,0.0,0.9999999999972391
511,0.0,0.0,0.9999999999971785
28,1.0,1.0,0.9999999999969857
571,0.0,0.0,0.9999999999968598
575,0.0,0.0,0.999999999996773
635,0.0,0.0,0.9999999999965454
639,0.0,0.0,0.9999999999964369
699,0.0,0.0,0.9999999999962859
703,0.0,0.0,0.9999999999961671
763,0.0,0.0,0.9999999999960705
767,0.0,0.0,0.9999999999959548
827,0.0,0.0,0.9999999999958897
831,0.0,0.0,0.99999999999579
891,0.0,0.0,0.9999999999957365
895,0.0,0.0,0.9999999999956637
955,0.0,0.0,0.9999999999956053
959,0.0,0.0,0.9999999999955689
1023,0.0,0.0,0.9999999999954996
1019,0.0,0.0,0.999999999995492
192,0.0,0.0,0.9999999999954539
1087,0.0,0.0,0.999999999995451
1151,0.0,0.0,0.9999999999954192
1215,0.0,0.0,0.9999999999954012
1343,0.0,0.0,0.9999999999953968
1279,0.0,0.0,0.9999999999953944
1083,0.0,0.0,0.9999999999953935
1147,0.0,0.0,0.9999999999953071
1211,0.0,0.0,0.9999999999952309
1275,0.0,0.0,0.9999999999951634
1339,0.0,0.0,0.9999999999951035
254,0.0,0.0,0.9999999999944587
215,0.0,0.0,0.9999999999919367
68,0.0,0.0,0.9999999999900564
260,0.0,0.0,0.9999999999899283
324,0.0,0.0,0.9999999999897273
388,0.0,0.0,0.9999999999897049
452,0.0,0.0,0.9999999999895135
256,0.0,0.0,0.9999999999893645
516,0.0,0.0,0.9999999999893265
580,0.0,0.0,0.9999999999891318
644,0.0,0.0,0.999999999988948
137,0.0,0.0,0.9999999999887881
708,0.0,0.0,0.9999999999887839
772,0.0,0.0,0.9999999999886413
836,0.0,0.0,0.9999999999885179
900,0.0,0.0,0.9999999999884113
964,0.0,0.0,0.9999999999883189
1028,0.0,0.0,0.9999999999882379
1092,0.0,0.0,0.9999999999881666
1156,0.0,0.0,0.9999999999881029
1220,0.0,0.0,0.9999999999880458
1284,0.0,0.0,0.9999999999879938
196,0.0,0.0,0.9999999999867508
320,0.0,0.0,0.9999999999803946
132,0.0,0.0,0.9999999999765303
279,0.0,0.0,0.9999999999762241
318,0.0,0.0,0.9999999999743956
384,0.0,0.0,0.9999999999704152
201,0.0,0.0,0.9999999999615972
448,0.0,0.0,0.999999999961052
512,0.0,0.0,0.9999999999530658
576,0.0,0.0,0.9999999999468332
343,0.0,0.0,0.9999999999462084
640,0.0,0.0,0.9999999999421072
704,0.0,0.0,0.9999999999385238
768,0.0,0.0,0.9999999999357836
265,0.0,0.0,0.9999999999351714
832,0.0,0.0,0.99999999993367
896,0.0,0.0,0.9999999999320259
960,0.0,0.0,0.999999999930741
1024,0.0,0.0,0.9999999999297333
1088,0.0,0.0,0.9999999999289437
1152,0.0,0.0,0.9999999999283258
1216,0.0,0.0,0.9999999999278466
1280,0.0,0.0,0.999999999927478
382,0.0,0.0,0.9999999999187763
329,0.0,0.0,0.9999999999059654
407,0.0,0.0,0.9999999999043514
122,1.0,0.0,0.9999999998888034
393,0.0,0.0,0.9999999998792308
471,0.0,0.0,0.999999999856261
457,0.0,0.0,0.9999999998561366
446,0.0,0.0,0.9999999998494487
521,0.0,0.0,0.9999999998365243
585,0.0,0.0,0.9999999998203986
535,0.0,0.0,0.999999999807454
649,0.0,0.0,0.9999999998070839
713,0.0,0.0,0.9999999997958988
777,0.0,0.0,0.9999999997863285
510,0.0,0.0,0.9999999997814797
841,0.0,0.0,0.9999999997780284
905,0.0,0.0,0.9999999997707147
969,0.0,0.0,0.9999999997642226
599,0.0,0.0,0.9999999997631428
1033,0.0,0.0,0.9999999997583875
1097,0.0,0.0,0.9999999997531299
1161,0.0,0.0,0.9999999997483353
1225,0.0,0.0,0.9999999997439721
1289,0.0,0.0,0.9999999997399602
663,0.0,0.0,0.9999999997251745
574,0.0,0.0,0.9999999997161078
727,0.0,0.0,0.9999999996935554
791,0.0,0.0,0.9999999996676305
54,1.0,1.0,0.9999999996612723
638,0.0,0.0,0.9999999996562166
855,0.0,0.0,0.9999999996465898
919,0.0,0.0,0.9999999996296214
983,0.0,0.0,0.9999999996160294
1047,0.0,0.0,0.9999999996052011
702,0.0,0.0,0.9999999996021831
1111,0.0,0.0,0.9999999995966407
1175,0.0,0.0,0.9999999995899194
1239,0.0,0.0,0.9999999995847044
1303,0.0,0.0,0.9999999995807167
766,0.0,0.0,0.9999999995534057
830,0.0,0.0,0.9999999995091404
894,0.0,0.0,0.9999999994687161
958,0.0,0.0,0.9999999994315396
1022,0.0,0.0,0.9999999993971667
6,1.0,1.0,0.9999999993716604
1086,0.0,0.0,0.999999999365196
1150,0.0,0.0,0.9999999993353426
1214,0.0,0.0,0.999999999307307
1278,0.0,0.0,0.9999999992809323
1342,0.0,0.0,0.9999999992559951
186,1.0,0.0,0.9999999991784467
29,1.0,1.0,0.9999999990500277
1333,0.0,0.0,0.9999999989007176
1269,0.0,0.0,0.9999999988840478
1205,0.0,0.0,0.9999999988672563
1141,0.0,0.0,0.9999999988504216
1077,0.0,0.0,0.9999999988335695
1013,0.0,0.0,0.9999999988168038
949,0.0,0.0,0.999999998800104
885,0.0,0.0,0.9999999987834869
821,0.0,0.0,0.9999999987667769
757,0.0,0.0,0.9999999987495334
693,0.0,0.0,0.9999999987306816
629,0.0,0.0,0.9999999987077626
565,0.0,0.0,0.9999999986754038
501,0.0,0.0,0.9999999986221997
437,0.0,0.0,0.9999999985275119
373,0.0,0.0,0.9999999983045647
309,0.0,0.0,0.9999999977360592
98,0.0,0.0,0.9999999976723661
250,1.0,0.0,0.9999999970938958
245,0.0,0.0,0.9999999962153596
117,0.0,0.0,0.9999999943999602
314,1.0,0.0,0.9999999938499369
181,0.0,0.0,0.999999992903738
290,0.0,0.0,0.9999999894373258
378,1.0,0.0,0.9999999886851928
354,0.0,0.0,0.9999999848234442
71,0.0,0.0,0.9999999847553089
442,1.0,0.0,0.9999999835473785
226,0.0,0.0,0.9999999825183349
418,0.0,0.0,0.9999999804201781
506,1.0,0.0,0.99999997863551
135,0.0,0.0,0.99999997558675
482,0.0,0.0,0.999999975097551
570,1.0,0.0,0.9999999739684393
546,0.0,0.0,0.9999999699586899
634,1.0,0.0,0.9999999696632158
698,1.0,0.0,0.999999965726644
610,0.0,0.0,0.9999999650360268
762,1.0,0.0,0.9999999621195869
674,0.0,0.0,0.9999999604588157
46,1.0,1.0,0.999999959249764
826,1.0,0.0,0.9999999587967664
738,0.0,0.0,0.9999999562793646
890,1.0,0.0,0.9999999557193673
954,1.0,0.0,0.9999999528514294
802,0.0,0.0,0.9999999524924879
1018,1.0,0.0,0.9999999501680374
866,0.0,0.0,0.9999999490717258
1082,1.0,0.0,0.9999999476436573
930,0.0,0.0,0.9999999459733155
1146,1.0,0.0,0.9999999452636145
994,0.0,0.0,0.9999999431617373
1210,1.0,0.0,0.9999999430080534
1274,1.0,0.0,0.9999999408684922
1058,0.0,0.0,0.999999940591652
199,0.0,0.0,0.9999999399949708
1338,1.0,0.0,0.9999999388310605
162,0.0,0.0,0.9999999384995857
1122,0.0,0.0,0.9999999382375522
1186,0.0,0.0,0.9999999360633637
1250,0.0,0.0,0.9999999340524092
1314,0.0,0.0,0.9999999321745657
263,0.0,0.0,0.9999998759386061
327,0.0,0.0,0.9999997918010475
102,0.0,0.0,0.9999997682810484
83,0.0,0.0,0.9999997662410207
391,0.0,0.0,0.9999997106465854
82,0.0,0.0,0.9999996533687179
455,0.0,0.0,0.9999996410655578
519,0.0,0.0,0.9999995843634619
583,0.0,0.0,0.9999995414676432
647,0.0,0.0,0.9999995100789041
146,0.0,0.0,0.9999995029998786
711,0.0,0.0,0.9999994874959928
775,0.0,0.0,0.9999994715207039
839,0.0,0.0,0.999999460537819
903,0.0,0.0,0.9999994532981098
1287,0.0,0.0,0.9999994513289294
967,0.0,0.0,0.9999994489339309
1223,0.0,0.0,0.9999994487935068
1159,0.0,0.0,0.9999994470071736
1031,0.0,0.0,0.99999944673782
1095,0.0,0.0,0.999999446240833
66,0.0,0.0,0.9999993459949535
37,1.0,1.0,0.9999993279818409
86,0.0,0.0,0.9999992836394689
49,0.0,1.0,0.999999176689976
210,0.0,0.0,0.9999991208116417
166,0.0,0.0,0.9999990768144006
92,0.0,0.0,0.9999989076885992
274,0.0,0.0,0.9999986084519483
147,0.0,0.0,0.9999985066657157
130,0.0,0.0,0.9999984456833378
338,0.0,0.0,0.9999979604356073
194,0.0,0.0,0.9999978212718732
105,0.0,0.0,0.999997442121294
230,0.0,0.0,0.9999972161968049
402,0.0,0.0,0.9999970994051286
103,0.0,0.0,0.9999969000118177
258,0.0,0.0,0.9999966425912249
466,0.0,0.0,0.9999961479823789
211,0.0,0.0,0.9999955443182866
530,0.0,0.0,0.9999952232295733
322,0.0,0.0,0.9999947908738414
156,0.0,0.0,0.9999944519747372
594,0.0,0.0,0.999994388807087
658,0.0,0.0,0.999993650083737
386,0.0,0.0,0.9999933696720587
722,0.0,0.0,0.999992993130233
294,0.0,0.0,0.9999929254329464
278,0.0,0.0,0.9999928632717665
786,0.0,0.0,0.9999924024137855
275,0.0,0.0,0.999992364371627
450,0.0,0.0,0.9999922246840883
850,0.0,0.0,0.9999918650417071
214,0.0,0.0,0.999991375485213
914,0.0,0.0,0.9999913708230577
514,0.0,0.0,0.9999912947018349
978,0.0,0.0,0.9999909125104155
578,0.0,0.0,0.999990541568543
1042,0.0,0.0,0.9999904844240567
1106,0.0,0.0,0.999990081802112
642,0.0,0.0,0.9999899311003004
1170,0.0,0.0,0.9999897014307926
706,0.0,0.0,0.9999894326342831
1234,0.0,0.0,0.9999893402687712
770,0.0,0.0,0.9999890218493761
1298,0.0,0.0,0.9999889961526944
834,0.0,0.0,0.9999886799888688
898,0.0,0.0,0.9999883925186258
339,0.0,0.0,0.9999883536681138
962,0.0,0.0,0.9999881486838832
342,0.0,0.0,0.9999879815119979
1026,0.0,0.0,0.999987939849899
1090,0.0,0.0,0.9999877594092204
1154,0.0,0.0,0.9999876022826444
1218,0.0,0.0,0.9999874641792197
1282,0.0,0.0,0.9999873420150419
358,0.0,0.0,0.999984428571886
403,0.0,0.0,0.9999843385040553
406,0.0,0.0,0.9999831522129967
295,0.0,0.0,0.9999827490094001
150,0.0,0.0,0.9999806452370461
467,0.0,0.0,0.9999805646242492
359,0.0,0.0,0.9999791368966223
470,0.0,0.0,0.9999777036388104
531,0.0,0.0,0.9999771905147434
169,0.0,0.0,0.9999765299319888
423,0.0,0.0,0.9999757749527184
220,0.0,0.0,0.9999751075896689
422,0.0,0.0,0.9999747880486219
81,0.0,0.0,0.9999747719706453
595,0.0,0.0,0.9999743290687989
231,0.0,0.0,0.9999736001121367
534,0.0,0.0,0.9999725437301039
659,0.0,0.0,0.9999719491493138
487,0.0,0.0,0.9999717583082318
1,0.0,1.0,0.9999706417371385
723,0.0,0.0,0.9999699766816021
787,0.0,0.0,0.9999683397534015
551,0.0,0.0,0.9999680960680888
598,0.0,0.0,0.9999677601267878
851,0.0,0.0,0.9999669798671904
915,0.0,0.0,0.9999658475269101
979,0.0,0.0,0.9999649049851688
486,0.0,0.0,0.9999647961599751
615,0.0,0.0,0.9999647530000191
1043,0.0,0.0,0.9999641203602233
1107,0.0,0.0,0.9999634702390735
662,0.0,0.0,0.9999634462322468
1171,0.0,0.0,0.9999629315864044
1235,0.0,0.0,0.9999624905108675
1299,0.0,0.0,0.999962130337331
679,0.0,0.0,0.9999617771309263
726,0.0,0.0,0.9999596125196424
743,0.0,0.0,0.9999591641915244
807,0.0,0.0,0.9999568787967199
790,0.0,0.0,0.9999562230625986
871,0.0,0.0,0.9999548845794853
550,0.0,0.0,0.9999547989227923
23,1.0,1.0,0.9999533929056607
854,0.0,0.0,0.9999532312745396
935,0.0,0.0,0.999953136305466
999,0.0,0.0,0.9999516002651522
918,0.0,0.0,0.9999505785213145
1063,0.0,0.0,0.9999502418258822
1127,0.0,0.0,0.999949038025613
982,0.0,0.0,0.9999482210535553
1191,0.0,0.0,0.9999479618658059
1255,0.0,0.0,0.9999470015833796
1319,0.0,0.0,0.999946134918687
1046,0.0,0.0,0.9999461075513367
284,0.0,0.0,0.9999458032333517
614,0.0,0.0,0.9999452823400002
167,0.0,0.0,0.9999445667582118
1110,0.0,0.0,0.9999442098156113
1174,0.0,0.0,0.9999424864217156
1238,0.0,0.0,0.9999409197309537
1302,0.0,0.0,0.9999394799870208
678,0.0,0.0,0.9999364524038857
742,0.0,0.0,0.9999283429219166
145,0.0,0.0,0.9999260549627472
806,0.0,0.0,0.9999209202091661
870,0.0,0.0,0.9999141251532818
348,0.0,0.0,0.9999093900399609
934,0.0,0.0,0.9999078909945527
998,0.0,0.0,0.9999021597099439
1062,0.0,0.0,0.9998968732771666
1126,0.0,0.0,0.999891982427242
1190,0.0,0.0,0.9998874398679343
1254,0.0,0.0,0.9998832119295533
1318,0.0,0.0,0.9998792618624682
412,0.0,0.0,0.999869427072328
1286,1.0,0.0,0.999846347862957
1222,1.0,0.0,0.9998461264462207
1158,1.0,0.0,0.9998459299430824
1094,1.0,0.0,0.9998457578589391
1030,1.0,0.0,0.9998456109968697
966,1.0,0.0,0.9998454850566478
902,1.0,0.0,0.9998453687483073
838,1.0,0.0,0.9998452438859664
774,1.0,0.0,0.9998450661315704
710,1.0,0.0,0.9998447577803562
646,1.0,0.0,0.99984414140303
582,1.0,0.0,0.9998428719469273
518,1.0,0.0,0.999840242064858
454,1.0,0.0,0.9998348750941767
476,0.0,0.0,0.999830359545993
31,1.0,1.0,0.999825316824024
390,1.0,0.0,0.9998248855980527
326,1.0,0.0,0.9998012593683014
540,0.0,0.0,0.9997936839932087
209,0.0,0.0,0.9997785476102674
604,0.0,0.0,0.9997613245506318
262,1.0,0.0,0.9997514960221299
668,0.0,0.0,0.9997332867953899
732,0.0,0.0,0.9997089738256154
796,0.0,0.0,0.9996877645234425
860,0.0,0.0,0.999669157545328
924,0.0,0.0,0.9996527274186022
988,0.0,0.0,0.9996381533238734
233,0.0,0.0,0.9996272130775805
1052,0.0,0.0,0.9996251619357405
1116,0.0,0.0,0.9996135696229991
1180,0.0,0.0,0.9996031599635777
1244,0.0,0.0,0.999593836685045
1308,0.0,0.0,0.9995854393869009
70,1.0,0.0,0.9995707997587987
198,1.0,0.0,0.9995679470453892
273,0.0,0.0,0.9995106088970052
337,0.0,0.0,0.9990922726290351
134,1.0,0.0,0.9990575921041958
19,1.0,1.0,0.9989999307366612
99,1.0,0.0,0.9989970471569832
1327,1.0,0.0,0.9989843459793732
1263,1.0,0.0,0.9989707729239165
1199,1.0,0.0,0.9989566481328939
1135,1.0,0.0,0.9989419239379415
1071,1.0,0.0,0.9989264737367016
1007,1.0,0.0,0.998910231961337
943,1.0,0.0,0.9988929195092343
879,1.0,0.0,0.9988743148342165
815,1.0,0.0,0.998853896821053
751,1.0,0.0,0.9988308899363375
687,1.0,0.0,0.9988038074851615
623,1.0,0.0,0.9987698733599455
559,1.0,0.0,0.9987234620678764
495,1.0,0.0,0.998652606493523
401,0.0,0.0,0.9985601115188321
431,1.0,0.0,0.9985301149501234
367,1.0,0.0,0.9982370342359511
465,0.0,0.0,0.9979704918838802
529,0.0,0.0,0.9973776346543419
303,1.0,0.0,0.9973314144835214
593,0.0,0.0,0.9968296112790648
297,0.0,0.0,0.9967704751620784
657,0.0,0.0,0.9963417756393431
721,0.0,0.0,0.9959135322759263
785,0.0,0.0,0.9955391076791594
849,0.0,0.0,0.9952118825471108
239,1.0,0.0,0.9951273282488728
913,0.0,0.0,0.9949254488586787
80,0.0,0.0,0.9948926390460846
977,0.0,0.0,0.9946742547865172
1041,0.0,0.0,0.9944533582964048
1105,0.0,0.0,0.9942587559015
1169,0.0,0.0,0.9940868009682057
1233,0.0,0.0,0.9939346542293065
1297,0.0,0.0,0.9937997106776955
144,0.0,0.0,0.9915532477489475
163,1.0,0.0,0.9909792922432175
175,1.0,0.0,0.9900530389446328
111,1.0,0.0,0.984803849462656
361,0.0,0.0,0.9837224352463989
112,0.0,0.0,0.9813516662330429
176,0.0,0.0,0.9785900418191477
208,0.0,0.0,0.9777715842062901
39,1.0,1.0,0.9758139937788814
227,1.0,0.0,0.9719258645008051
96,0.0,0.0,0.9624026411449965
272,0.0,0.0,0.9600309125513474
291,1.0,0.0,0.9598155634181293
425,0.0,0.0,0.958422378477446
1296,0.0,0.0,0.9564623960659316
1232,0.0,0.0,0.954966984582898
1168,0.0,0.0,0.9533774839255993
1104,0.0,0.0,0.9516910759178216
1315,1.0,0.0,0.9512072578318959
1040,0.0,0.0,0.9498969884505413
355,1.0,0.0,0.9496882428633826
1251,1.0,0.0,0.9492998958248419
976,0.0,0.0,0.9479967824521435
1187,1.0,0.0,0.9473119604872536
912,0.0,0.0,0.9459874815697843
336,0.0,0.0,0.9458187514528877
240,0.0,0.0,0.9454938694506293
1123,1.0,0.0,0.9452620950162273
848,0.0,0.0,0.9438778705686894
1059,1.0,0.0,0.9431597557852193
419,1.0,0.0,0.9418533547183967
784,0.0,0.0,0.9416874762809548
995,1.0,0.0,0.9410413826469269
720,0.0,0.0,0.9394693439599655
1149,1.0,0.0,0.9392487916945089
1213,1.0,0.0,0.9392242538991171
1085,1.0,0.0,0.9391466986978809
1277,1.0,0.0,0.939110094831752
931,1.0,0.0,0.9389417405509911
1341,1.0,0.0,0.9389176795756176
1021,1.0,0.0,0.9388930659609167
957,1.0,0.0,0.938423204930952
400,0.0,0.0,0.937812256964448
893,1.0,0.0,0.937667501405112
656,0.0,0.0,0.9373250742752467
867,1.0,0.0,0.9369332208630065
483,1.0,0.0,0.936644809759961
829,1.0,0.0,0.9365003608108123
592,0.0,0.0,0.9354756448376661
803,1.0,0.0,0.9351053588254721
464,0.0,0.0,0.9348029929274672
765,1.0,0.0,0.9347270591881143
528,0.0,0.0,0.9343686398591362
547,1.0,0.0,0.9336606898564269
739,1.0,0.0,0.9336063997305294
675,1.0,0.0,0.9326374657100807
611,1.0,0.0,0.932508674706063
701,1.0,0.0,0.9320005701091069
637,1.0,0.0,0.9276892587658688
489,0.0,0.0,0.9246361648604196
573,1.0,0.0,0.9205608370576576
160,0.0,0.0,0.9142722257250594
509,1.0,0.0,0.908250269252332
445,1.0,0.0,0.8871105579300248
304,0.0,0.0,0.8858231954063356
553,0.0,0.0,0.885595294193773
77,0.0,0.0,0.8527828353576943
381,1.0,0.0,0.8470806302008106
617,0.0,0.0,0.84567804481508
138,0.0,0.0,0.8306799718713515
368,0.0,0.0,0.8239385203758347
1328,0.0,0.0,0.8163146235876543
1264,0.0,0.0,0.8117622440436171
681,0.0,0.0,0.8072978345573493
1200,0.0,0.0,0.8069493375811931
1136,0.0,0.0,0.8018635140007533
224,0.0,0.0,0.8004367305740233
1072,0.0,0.0,0.7964995881471172
1008,0.0,0.0,0.7908587874470288
944,0.0,0.0,0.7849632350220814
432,0.0,0.0,0.7847111440211322
317,1.0,0.0,0.7806250433942926
880,0.0,0.0,0.7788819840796403
816,0.0,0.0,0.7727291239092121
745,0.0,0.0,0.7714090732699919
752,0.0,0.0,0.7667726468876134
496,0.0,0.0,0.765646267742452
688,0.0,0.0,0.7615254031765469
560,0.0,0.0,0.7582290592119786
624,0.0,0.0,0.7580132314443453
809,0.0,0.0,0.7382599159497918
58,1.0,1.0,0.7368475648344759
202,0.0,0.0,0.7299642387116855
873,0.0,0.0,0.7077843298157692
937,0.0,0.0,0.679794834513487
74,0.0,0.0,0.6585272051787058
1001,0.0,0.0,0.6540717803767626
288,0.0,0.0,0.6441662925120082
121,0.0,0.0,0.6380243092284393
1065,0.0,0.0,0.630380383395334
1129,0.0,0.0,0.6085227059564858
1193,0.0,0.0,0.588288314741384
253,1.0,0.0,0.5819794529148532
1257,0.0,0.0,0.5695272906530655
1321,0.0,0.0,0.5520783635249601
13,0.0,1.0,0.5510063402410386
141,0.0,0.0,0.5281966434658119
100,0.0,0.0,0.5219670226777084
352,0.0,1.0,0.48156536247139964
266,0.0,1.0,0.48041472604087637
113,0.0,1.0,0.44741906074535004
177,0.0,1.0,0.36768668944060345
416,0.0,1.0,0.3502154325454122
51,1.0,0.0,0.3285479513100587
118,1.0,1.0,0.30337253148651544
330,0.0,1.0,0.2977156837046126
41,0.0,0.0,0.28004380437616666
480,0.0,1.0,0.2605589334018805
164,0.0,1.0,0.25934346684434406
185,0.0,1.0,0.24420881164325925
394,0.0,1.0,0.22314969845673827
605,1.0,1.0,0.21980275093771454
669,1.0,1.0,0.2194075625390759
541,1.0,1.0,0.219188877158608
733,1.0,1.0,0.21861982817926842
797,1.0,1.0,0.2177343858033842
861,1.0,1.0,0.2168762804084561
477,1.0,1.0,0.21645603168700062
925,1.0,1.0,0.2160935441978744
989,1.0,1.0,0.215403373998413
1053,1.0,1.0,0.21480556991979993
1117,1.0,1.0,0.2142952633737446
1181,1.0,1.0,0.21385811246526257
1245,1.0,1.0,0.2134914167770474
1309,1.0,1.0,0.21318326953064332
413,1.0,1.0,0.210659992774249
544,0.0,1.0,0.20306978604033588
349,1.0,1.0,0.1968463800592325
241,0.0,1.0,0.19332216474944178
458,0.0,1.0,0.18811029748669653
285,1.0,1.0,0.17663509867525554
522,0.0,1.0,0.16806281633567366
608,0.0,1.0,0.16626795409347472
59,1.0,0.0,0.1612839635371509
586,0.0,1.0,0.15610777291371983
205,0.0,1.0,0.1528321127461866
650,0.0,1.0,0.14882637250123534
189,1.0,1.0,0.1471561258997037
1290,0.0,1.0,0.14695367963589673
1226,0.0,1.0,0.14520945898142043
714,0.0,1.0,0.1444044873430454
1162,0.0,1.0,0.14362399556624988
1098,0.0,1.0,0.14226056747348303
778,0.0,1.0,0.14184427286203677
672,0.0,1.0,0.14168820366180154
1034,0.0,1.0,0.14115930303555368
842,0.0,1.0,0.14056057375775155
970,0.0,1.0,0.14042808464554968
906,0.0,1.0,0.14016819026664915
305,0.0,1.0,0.12970466840902609
736,0.0,1.0,0.12442784528866692
93,1.0,1.0,0.12263706813955166
221,1.0,1.0,0.11948048220822464
800,0.0,1.0,0.11175461673087508
182,1.0,1.0,0.10349448620259459
369,0.0,1.0,0.10328945624737232
864,0.0,1.0,0.10210153822004327
928,0.0,1.0,0.09452134940875374
992,0.0,1.0,0.08842446678214487
1056,0.0,1.0,0.08341696381302136
433,0.0,1.0,0.08316393425989449
1120,0.0,1.0,0.07923421468479286
1184,0.0,1.0,0.07568884714902675
1248,0.0,1.0,0.0726469917627159
497,0.0,1.0,0.07011245178609816
1312,0.0,1.0,0.07000849358303962
228,0.0,1.0,0.06293299060092523
561,0.0,1.0,0.061483272670443304
157,1.0,1.0,0.05941386717669696
625,0.0,1.0,0.05572588114729535
125,1.0,1.0,0.053204769438681764
689,0.0,1.0,0.05168159334170118
753,0.0,1.0,0.048680653553112505
817,0.0,1.0,0.046353103413184694
881,0.0,1.0,0.044485043168787125
1335,0.0,1.0,0.044324900021234535
945,0.0,1.0,0.042944494457269874
1271,0.0,1.0,0.04286615949991588
1009,0.0,1.0,0.04164926686023113
1207,0.0,1.0,0.0413792044008252
1073,0.0,1.0,0.040540877777981155
1143,0.0,1.0,0.03986786399979939
1137,0.0,1.0,0.03958354267668782
1201,0.0,1.0,0.03874458575950315
246,1.0,1.0,0.038625072028174494
1079,0.0,1.0,0.03832660808188865
1265,0.0,1.0,0.03800641830313712
1329,0.0,1.0,0.037350334673758846
1015,0.0,1.0,0.03675928945287175
951,0.0,1.0,0.03516250111719571
269,0.0,1.0,0.033892045201026504
887,0.0,1.0,0.033540557151687626
62,1.0,0.0,0.03248946724228499
823,0.0,1.0,0.03189257059662555
759,0.0,1.0,0.030227947284841763
310,1.0,1.0,0.02908192191383462
695,0.0,1.0,0.028555299453869035
249,0.0,1.0,0.02708109452432236
631,0.0,1.0,0.026901057868366617
374,1.0,1.0,0.0256054010609274
567,0.0,1.0,0.025319933592960083
503,0.0,1.0,0.02390373305136831
170,0.0,1.0,0.02347949456625374
292,0.0,1.0,0.023469621868745075
439,0.0,1.0,0.022778718514492292
438,1.0,1.0,0.022639579327958254
375,0.0,1.0,0.021786122769000965
119,0.0,1.0,0.021429201007487214
502,1.0,1.0,0.02072496886065195
311,0.0,1.0,0.020659878769439817
566,1.0,1.0,0.019515530837679942
1334,1.0,1.0,0.018849286706578813
630,1.0,1.0,0.018797467027951036
1270,1.0,1.0,0.01867278936197758
1206,1.0,1.0,0.01850739727817072
694,1.0,1.0,0.01838164594077459
1142,1.0,1.0,0.018359176131741536
1078,1.0,1.0,0.01822788449437939
758,1.0,1.0,0.01815222234703398
1014,1.0,1.0,0.018122749086304103
950,1.0,1.0,0.018048271636353145
822,1.0,1.0,0.018042743776144
886,1.0,1.0,0.018016745294303853
247,0.0,1.0,0.01794064314482285
106,0.0,1.0,0.01559199029746427
183,0.0,1.0,0.014615748842263444
356,0.0,1.0,0.013153855870631294
234,0.0,1.0,0.012434538857211788
1316,0.0,1.0,0.012086362986988423
1252,0.0,1.0,0.011680227833042109
1188,0.0,1.0,0.011282566895715452
1124,0.0,1.0,0.010896623405803298
1060,0.0,1.0,0.010522645318000871
420,0.0,1.0,0.010255986388055284
996,0.0,1.0,0.010165469898468936
333,0.0,1.0,0.00986398961198473
932,0.0,1.0,0.00982794003371767
868,0.0,1.0,0.009516351942113413
484,0.0,1.0,0.009275362721700764
804,0.0,1.0,0.009238206408712667
740,0.0,1.0,0.009006322051716658
548,0.0,1.0,0.008873760096247215
676,0.0,1.0,0.008839829234708822
612,0.0,1.0,0.00877336689431267
14,0.0,0.0,0.006679688105534359
397,0.0,1.0,0.005527374305305347
298,0.0,1.0,0.0047303426213553814
461,0.0,1.0,0.004043244278795357
525,0.0,1.0,0.00328798984067156
589,0.0,1.0,0.0028418871110284525
313,0.0,1.0,0.0026589011321023533
653,0.0,1.0,0.0025522327004838872
717,0.0,1.0,0.0023511667220967388
362,0.0,1.0,0.0023045260648111416
781,0.0,1.0,0.0022047915001947786
845,0.0,1.0,0.0020943637000047383
909,0.0,1.0,0.002008518718539034
973,0.0,1.0,0.0019402902422673814
1037,0.0,1.0,0.0018849712254994805
1101,0.0,1.0,0.0018394161637807457
1165,0.0,1.0,0.0018012739487194135
1229,0.0,1.0,0.001768995638833281
1293,0.0,1.0,0.001741343902898391
426,0.0,1.0,0.001599906243525043
1295,1.0,1.0,0.0015220735759797824
1231,1.0,1.0,0.001502345924342562
1167,1.0,1.0,0.0014805623141851982
1103,1.0,1.0,0.0014562477539851989
1039,1.0,1.0,0.001428901662508248
975,1.0,1.0,0.0013977839487385399
911,1.0,1.0,0.0013619305750729037
847,1.0,1.0,0.0013200915213846711
490,0.0,1.0,0.0013018050146379613
783,1.0,1.0,0.001270420882693618
719,1.0,1.0,0.0012103251758870267
554,0.0,1.0,0.001139427764675195
655,1.0,1.0,0.0011360877282671157
618,0.0,1.0,0.0010446418634664316
591,1.0,1.0,0.001042279478012254
682,0.0,1.0,0.0009871647884154365
1322,0.0,1.0,0.0009551202659436437
746,0.0,1.0,0.0009519075111331051
1258,0.0,1.0,0.0009436514931831931
1194,0.0,1.0,0.0009334354596513343
810,0.0,1.0,0.0009308440106661512
1130,0.0,1.0,0.0009249535331677564
527,1.0,1.0,0.0009218281003310861
874,0.0,1.0,0.0009194122514151732
1066,0.0,1.0,0.0009184676295825083
1002,0.0,1.0,0.0009147899994408549
938,0.0,1.0,0.0009146435313144323
43,1.0,0.0,0.0007818007753947922
463,1.0,1.0,0.0007685268255812649
16,1.0,0.0,0.0006378997167197192
399,1.0,1.0,0.0005869010645287788
377,0.0,1.0,0.00040971618694429004
335,1.0,1.0,0.00037238627552291763
115,1.0,1.0,0.00025350958499621734
271,1.0,1.0,0.0001726708622673502
42,1.0,0.0,0.00017234939698102805
441,0.0,1.0,0.00015108209423904403
179,1.0,1.0,0.00012948060867105284
243,1.0,1.0,0.00012627838292217925
307,1.0,1.0,9.975267552068553e-05
505,0.0,1.0,8.182198161736411e-05
371,1.0,1.0,7.107796073255754e-05
435,1.0,1.0,5.6007153079883257e-05
569,0.0,1.0,5.28785762004891e-05
499,1.0,1.0,4.6751143680163206e-05
207,1.0,1.0,4.6141240360965104e-05
563,1.0,1.0,4.102998227980997e-05
633,0.0,1.0,3.817828338247896e-05
627,1.0,1.0,3.733416473195097e-05
691,1.0,1.0,3.485119132266407e-05
755,1.0,1.0,3.312180598039587e-05
57,0.0,0.0,3.292034113649417e-05
819,1.0,1.0,3.188379518649257e-05
883,1.0,1.0,3.098293925313019e-05
947,1.0,1.0,3.0316990512316755e-05
1011,1.0,1.0,2.9823857468054235e-05
697,0.0,1.0,2.9629302832617636e-05
1075,1.0,1.0,2.9456402649267024e-05
1139,1.0,1.0,2.9187720190610555e-05
1203,1.0,1.0,2.899079498049719e-05
1267,1.0,1.0,2.885499244463069e-05
1331,1.0,1.0,2.8763614263762084e-05
761,0.0,1.0,2.4143012727959328e-05
825,0.0,1.0,2.035996115682031e-05
889,0.0,1.0,1.7605941384528173e-05
953,0.0,1.0,1.5515203450057524e-05
24,0.0,0.0,1.4656844111990085e-05
1017,0.0,1.0,1.3875690530245123e-05
1081,0.0,1.0,1.2555100920691125e-05
1145,0.0,1.0,1.146847430404002e-05
1209,0.0,1.0,1.055772356623357e-05
1273,0.0,1.0,9.783060204221792e-06
1337,0.0,1.0,9.115642227250122e-06
143,1.0,1.0,7.555956362176803e-06
79,1.0,1.0,7.362741471968922e-06
69,1.0,1.0,4.6527766323342355e-06
55,0.0,0.0,3.8813541520859225e-06
15,1.0,0.0,3.60739041790928e-06
133,1.0,1.0,1.811535013776493e-06
12,0.0,0.0,1.450982352740258e-06
2,0.0,0.0,5.864042823851387e-07
50,0.0,0.0,4.904809155227895e-07
197,1.0,1.0,4.419423430154129e-07
109,1.0,1.0,2.7078699903493023e-07
34,0.0,0.0,1.1738103774806335e-07
261,1.0,1.0,1.1588769546841588e-07
20,0.0,0.0,1.1526673535147123e-07
94,0.0,1.0,1.13795767561656e-07
38,0.0,0.0,8.699691808463576e-08
36,1.0,0.0,7.546992287110346e-08
21,0.0,0.0,6.156502324075559e-08
173,1.0,1.0,5.962050055495778e-08
325,1.0,1.0,4.3012240288963356e-08
389,1.0,1.0,2.7460410983358477e-08
1323,1.0,1.0,2.6155724763214558e-08
1259,1.0,1.0,2.589326870770373e-08
1195,1.0,1.0,2.558734598996022e-08
1131,1.0,1.0,2.5227805352717106e-08
33,0.0,0.0,2.4840368122385575e-08
1067,1.0,1.0,2.480382073329728e-08
1003,1.0,1.0,2.4301103735486467e-08
158,0.0,1.0,2.3867427823426816e-08
939,1.0,1.0,2.3700066634856658e-08
10,0.0,0.0,2.3178963721362087e-08
875,1.0,1.0,2.297698069425067e-08
811,1.0,1.0,2.2098767086766204e-08
453,1.0,1.0,2.1901971659878295e-08
747,1.0,1.0,2.1021451117817828e-08
1285,1.0,1.0,2.0832828018368472e-08
1221,1.0,1.0,2.006582360082019e-08
683,1.0,1.0,1.968491570798944e-08
1157,1.0,1.0,1.934427929767282e-08
517,1.0,1.0,1.9148014124314494e-08
1093,1.0,1.0,1.8677945293313397e-08
1029,1.0,1.0,1.8072532790542433e-08
619,1.0,1.0,1.8007163219703736e-08
581,1.0,1.0,1.7693994599253117e-08
965,1.0,1.0,1.754316886544269e-08
901,1.0,1.0,1.710485445812453e-08
645,1.0,1.0,1.6949060832501684e-08
837,1.0,1.0,1.678189757842784e-08
709,1.0,1.0,1.6635847551460756e-08
773,1.0,1.0,1.6607660136067154e-08
555,1.0,1.0,1.5890182215150694e-08
76,1.0,1.0,1.3782584966130862e-08
491,1.0,1.0,1.3258448684744862e-08
427,1.0,1.0,1.0198891106127058e-08
237,1.0,1.0,9.818628044357176e-09
65,1.0,1.0,8.652254097471721e-09
396,1.0,1.0,7.968993260509123e-09
332,1.0,1.0,7.849059933091877e-09
460,1.0,1.0,7.531810201192379e-09
129,1.0,1.0,7.411937339437975e-09
524,1.0,1.0,6.951185933800721e-09
268,1.0,1.0,6.798686267161635e-09
363,1.0,1.0,6.66773502731171e-09
588,1.0,1.0,6.333778178545954e-09
26,0.0,0.0,5.857084994073522e-09
652,1.0,1.0,5.739910456805059e-09
716,1.0,1.0,5.193705840511449e-09
222,0.0,1.0,4.8099244903103605e-09
780,1.0,1.0,4.701434091426017e-09
204,1.0,1.0,4.575213839869412e-09
844,1.0,1.0,4.262427371734189e-09
908,1.0,1.0,3.872488245075311e-09
972,1.0,1.0,3.527048820531819e-09
140,1.0,1.0,3.357155299112915e-09
299,1.0,1.0,3.301266823570238e-09
1036,1.0,1.0,3.2206992424261457e-09
1100,1.0,1.0,2.949307444912496e-09
1164,1.0,1.0,2.7080411977389957e-09
1228,1.0,1.0,2.4935989876213106e-09
1292,1.0,1.0,2.3021955825813246e-09
301,1.0,1.0,2.1658078541238913e-09
9,0.0,0.0,1.9089126679322134e-09
193,1.0,1.0,1.6556706967771897e-09
286,0.0,1.0,1.1845595415535382e-09
235,1.0,1.0,1.0669559418682405e-09
365,1.0,1.0,6.466405027924869e-10
257,1.0,1.0,4.4384607300242496e-10
350,0.0,1.0,3.9122514622304055e-10
429,1.0,1.0,2.9152020763316133e-10
414,0.0,1.0,2.2011039851658633e-10
171,1.0,1.0,2.030127068936428e-10
78,1.0,1.0,2.0129917482060323e-10
142,1.0,1.0,1.9624870500722552e-10
321,1.0,1.0,1.9351748153759516e-10
1281,1.0,1.0,1.8130032896807774e-10
1217,1.0,1.0,1.744313478850446e-10
1153,1.0,1.0,1.6759800768686034e-10
493,1.0,1.0,1.648138660038087e-10
206,1.0,1.0,1.614772989816991e-10
1089,1.0,1.0,1.608168935434067e-10
478,0.0,1.0,1.5472177108223644e-10
1025,1.0,1.0,1.5410896627067253e-10
961,1.0,1.0,1.475050014971827e-10
897,1.0,1.0,1.4104872313963632e-10
385,1.0,1.0,1.3647676195897474e-10
833,1.0,1.0,1.3480949853464005e-10
769,1.0,1.0,1.2887983211968348e-10
52,0.0,0.0,1.243701767412176e-10
705,1.0,1.0,1.2344410483141886e-10
542,0.0,1.0,1.200158704977264e-10
449,1.0,1.0,1.1998052557446207e-10
641,1.0,1.0,1.1881697483073592e-10
577,1.0,1.0,1.156063413457569e-10
270,1.0,1.0,1.1511284964227915e-10
513,1.0,1.0,1.1508340567225334e-10
557,1.0,1.0,1.0671592422247604e-10
107,1.0,1.0,1.0393387346627097e-10
606,0.0,1.0,9.915885882833366e-11
670,0.0,1.0,8.555531471064565e-11
334,1.0,1.0,8.437727791859537e-11
621,1.0,1.0,7.622043032696462e-11
734,0.0,1.0,7.612626240735256e-11
398,1.0,1.0,7.097706972474937e-11
798,0.0,1.0,6.928696640841432e-11
862,0.0,1.0,6.414208089739384e-11
462,1.0,1.0,6.331087492382659e-11
926,0.0,1.0,6.01594156105666e-11
685,1.0,1.0,5.830568262683471e-11
526,1.0,1.0,5.828352704369449e-11
990,0.0,1.0,5.7004780980361916e-11
590,1.0,1.0,5.4820093768920175e-11
1054,0.0,1.0,5.4455770995848e-11
654,1.0,1.0,5.236411994365308e-11
1118,0.0,1.0,5.2363808745277617e-11
1182,0.0,1.0,5.0621338769774516e-11
718,1.0,1.0,5.0581958727596546e-11
782,1.0,1.0,4.9264944142026805e-11
1246,0.0,1.0,4.9153438994914165e-11
846,1.0,1.0,4.8281034001262397e-11
1310,0.0,1.0,4.7903209594918896e-11
910,1.0,1.0,4.75371777170186e-11
974,1.0,1.0,4.6974297844780114e-11
749,1.0,1.0,4.680704018735431e-11
1038,1.0,1.0,4.6546241361391634e-11
1102,1.0,1.0,4.622133045643265e-11
1166,1.0,1.0,4.597671210125112e-11
1230,1.0,1.0,4.5794034689148654e-11
1294,1.0,1.0,4.566055491048918e-11
813,1.0,1.0,3.891195652888116e-11
877,1.0,1.0,3.320338281736995e-11
941,1.0,1.0,2.8905173014571002e-11
1005,1.0,1.0,2.5565953663718526e-11
1069,1.0,1.0,2.2903330903852956e-11
1133,1.0,1.0,2.073430754948303e-11
1197,1.0,1.0,1.8935957549830514e-11
1261,1.0,1.0,1.7422371255029475e-11
1325,1.0,1.0,1.6131987192059402e-11
95,1.0,1.0,1.1618551038321618e-11
53,0.0,0.0,4.180650496846598e-12
11,0.0,0.0,3.888283892359792e-12
32,0.0,0.0,3.729617830115472e-12
159,1.0,1.0,3.5040321332132697e-12
35,0.0,0.0,2.844156403226917e-12
223,1.0,1.0,2.2979582713219707e-12
287,1.0,1.0,1.7144255933632736e-12
1311,1.0,1.0,1.6256158038215137e-12
1247,1.0,1.0,1.6072650306727134e-12
1183,1.0,1.0,1.5888791311577745e-12
1119,1.0,1.0,1.57055031605812e-12
1055,1.0,1.0,1.5522651300323405e-12
63,0.0,0.0,1.5512387466374188e-12
991,1.0,1.0,1.534135636252009e-12
927,1.0,1.0,1.516162092354731e-12
863,1.0,1.0,1.498395474606062e-12
799,1.0,1.0,1.4807058890864713e-12
735,1.0,1.0,1.4628203117305057e-12
671,1.0,1.0,1.4441368446501104e-12
607,1.0,1.0,1.4232313455760759e-12
543,1.0,1.0,1.3979162625788253e-12
351,1.0,1.0,1.3731900053354575e-12
479,1.0,1.0,1.3665035822565259e-12
415,1.0,1.0,1.3378047835144408e-12
139,1.0,1.0,6.225858920655988e-13
22,0.0,0.0,3.93342287813795e-13
1291,1.0,1.0,2.937921748129567e-13
1227,1.0,1.0,2.7020964305298716e-13
1163,1.0,1.0,2.469045463007899e-13
1099,1.0,1.0,2.2394552734999403e-13
45,0.0,0.0,2.174835273684204e-13
1035,1.0,1.0,2.0139580192403958e-13
203,1.0,1.0,1.8798343375469627e-13
971,1.0,1.0,1.7936337786147733e-13
907,1.0,1.0,1.579590178424086e-13
843,1.0,1.0,1.3733884566918525e-13
75,1.0,1.0,1.282832799495836e-13
779,1.0,1.0,1.1768049449717665e-13
715,1.0,1.0,9.92289654160405e-14
651,1.0,1.0,8.229940940448698e-14
8,0.0,0.0,7.812295082357223e-14
56,0.0,0.0,6.875373722813402e-14
587,1.0,1.0,6.732041069858788e-14
267,1.0,1.0,6.613404256352093e-14
523,1.0,1.0,5.487859663272811e-14
459,1.0,1.0,4.5732259943299696e-14
331,1.0,1.0,4.3680045769115535e-14
395,1.0,1.0,4.066927499688246e-14
61,0.0,0.0,1.424222950003097e-14
165,1.0,1.0,2.0604355075334984e-17
101,1.0,1.0,1.603294306830912e-17
229,1.0,1.0,1.0336493895590953e-17
88,1.0,1.0,7.30790395552497e-18
293,1.0,1.0,5.818117318502394e-18
152,1.0,1.0,5.0628986156862586e-18
344,1.0,1.0,5.015596000247379e-18
280,1.0,1.0,4.958423633282846e-18
216,1.0,1.0,4.721560933251701e-18
408,1.0,1.0,4.6556452142391694e-18
472,1.0,1.0,4.215176804928389e-18
357,1.0,1.0,4.136680909099941e-18
536,1.0,1.0,3.8242828722042456e-18
600,1.0,1.0,3.494952611641922e-18
421,1.0,1.0,3.299836828622004e-18
664,1.0,1.0,3.218407536824135e-18
1317,1.0,1.0,3.1662297394991053e-18
1253,1.0,1.0,3.123624868604792e-18
1189,1.0,1.0,3.078930087889963e-18
1125,1.0,1.0,3.032081950986819e-18
728,1.0,1.0,2.9834584570596953e-18
1061,1.0,1.0,2.9832130708576376e-18
997,1.0,1.0,2.932401289798939e-18
485,1.0,1.0,2.9134421489878375e-18
933,1.0,1.0,2.880209461343051e-18
869,1.0,1.0,2.8276553822849494e-18
792,1.0,1.0,2.7811609156346546e-18
805,1.0,1.0,2.7765804729165075e-18
549,1.0,1.0,2.7440409762754376e-18
741,1.0,1.0,2.730774406099399e-18
677,1.0,1.0,2.69763704582144e-18
613,1.0,1.0,2.6919146516292316e-18
856,1.0,1.0,2.6048474427538926e-18
920,1.0,1.0,2.4495435320523267e-18
984,1.0,1.0,2.3117100155015084e-18
1048,1.0,1.0,2.188401527667077e-18
1112,1.0,1.0,2.0775524206237408e-18
1176,1.0,1.0,1.9773145234576373e-18
1240,1.0,1.0,1.8863064033950748e-18
1304,1.0,1.0,1.803301991243455e-18
85,1.0,1.0,6.925890476858194e-19
149,1.0,1.0,4.056695213401732e-19
1330,1.0,1.0,5.998683281707208e-20
1266,1.0,1.0,5.546607826904806e-20
1202,1.0,1.0,5.0923343526991957e-20
1138,1.0,1.0,4.636689316085809e-20
1074,1.0,1.0,4.180757937100975e-20
1010,1.0,1.0,3.7259952776845077e-20
213,1.0,1.0,3.650858618695337e-20
946,1.0,1.0,3.27455273265517e-20
882,1.0,1.0,2.829249470520434e-20
818,1.0,1.0,2.3938427592853517e-20
754,1.0,1.0,1.97357418162533e-20
690,1.0,1.0,1.5751687840315453e-20
626,1.0,1.0,1.2073425887338953e-20
1051,1.0,1.0,1.1006892345232142e-20
987,1.0,1.0,1.0997515820772232e-20
1115,1.0,1.0,1.0980705044328354e-20
923,1.0,1.0,1.0940426359239266e-20
1179,1.0,1.0,1.0927875573944295e-20
1243,1.0,1.0,1.0855508774373854e-20
859,1.0,1.0,1.0819776324029605e-20
1307,1.0,1.0,1.0768805358776466e-20
795,1.0,1.0,1.0614185972919358e-20
731,1.0,1.0,1.029559922231926e-20
667,1.0,1.0,9.826809190485892e-21
603,1.0,1.0,9.158819023513392e-21
562,1.0,1.0,8.806791703665526e-21
539,1.0,1.0,8.233910549220443e-21
475,1.0,1.0,7.001647539865755e-21
1288,1.0,1.0,6.4156117961278625e-21
1224,1.0,1.0,6.4120500524271174e-21
1160,1.0,1.0,6.4032707445264536e-21
1096,1.0,1.0,6.387918023711072e-21
1032,1.0,1.0,6.36350054733922e-21
968,1.0,1.0,6.327608153955079e-21
904,1.0,1.0,6.276004255424442e-21
840,1.0,1.0,6.203694520532842e-21
776,1.0,1.0,6.1032812352518724e-21
498,1.0,1.0,6.060881900507202e-21
712,1.0,1.0,5.964863929943892e-21
648,1.0,1.0,5.7736357326996665e-21
277,1.0,1.0,5.53948052645449e-21
584,1.0,1.0,5.5087136710040765e-21
411,1.0,1.0,5.46655631641888e-21
520,1.0,1.0,5.1416665071046614e-21
456,1.0,1.0,4.640522151719413e-21
392,1.0,1.0,3.9897911822333975e-21
434,1.0,1.0,3.902984781464497e-21
347,1.0,1.0,3.647093834605304e-21
328,1.0,1.0,3.2017918495390734e-21
264,1.0,1.0,2.301910770619241e-21
370,1.0,1.0,2.2841757016775e-21
283,1.0,1.0,1.757690425801054e-21
200,1.0,1.0,1.6608774472977581e-21
341,1.0,1.0,1.5337482029733046e-21
306,1.0,1.0,1.0894223961390012e-21
136,1.0,1.0,1.0237035949982834e-21
219,1.0,1.0,7.219664743909566e-22
405,1.0,1.0,6.156379656680972e-22
242,1.0,1.0,5.256429642922436e-22
72,1.0,1.0,3.5511227994465294e-22
469,1.0,1.0,3.233454711944426e-22
155,1.0,1.0,2.6751669796052277e-22
178,1.0,1.0,2.6209095342642688e-22
533,1.0,1.0,2.0107541988878117e-22
597,1.0,1.0,1.4136107152108357e-22
174,1.0,1.0,1.4048838092578147e-22
110,1.0,1.0,1.3715832251394463e-22
661,1.0,1.0,1.0777300780408009e-22
114,1.0,1.0,9.18198464433231e-23
725,1.0,1.0,8.667747543298756e-23
91,1.0,1.0,8.502712252185946e-23
238,1.0,1.0,7.34435868489935e-23
789,1.0,1.0,7.231206945668039e-23
853,1.0,1.0,6.192781294728107e-23
917,1.0,1.0,5.407967653823025e-23
981,1.0,1.0,4.7945893907685484e-23
1208,1.0,1.0,4.665504480596074e-23
1272,1.0,1.0,4.6638088226059145e-23
1144,1.0,1.0,4.6624183558196254e-23
1336,1.0,1.0,4.6586419426345573e-23
1080,1.0,1.0,4.6529423794422036e-23
1016,1.0,1.0,4.63506280930643e-23
952,1.0,1.0,4.606013849023913e-23
302,1.0,1.0,4.598068285988803e-23
888,1.0,1.0,4.562096200025255e-23
824,1.0,1.0,4.497870937853318e-23
760,1.0,1.0,4.4060751308265446e-23
1045,1.0,1.0,4.302155161822479e-23
696,1.0,1.0,4.2761066193380786e-23
632,1.0,1.0,4.0923658577018137e-23
1109,1.0,1.0,3.898507796099528e-23
568,1.0,1.0,3.833211027547397e-23
1173,1.0,1.0,3.561650800132965e-23
366,1.0,1.0,3.4972052596348045e-23
504,1.0,1.0,3.4716619270805176e-23
1237,1.0,1.0,3.2767005137918016e-23
1301,1.0,1.0,3.0326085155151136e-23
440,1.0,1.0,2.987381011508603e-23
430,1.0,1.0,2.8781885889540624e-23
494,1.0,1.0,2.5108946004883835e-23
376,1.0,1.0,2.338575405861354e-23
558,1.0,1.0,2.2687128207453827e-23
622,1.0,1.0,2.1064219940097547e-23
686,1.0,1.0,1.9935021426397332e-23
750,1.0,1.0,1.9119347805945993e-23
814,1.0,1.0,1.851439567851157e-23
878,1.0,1.0,1.8056275004703526e-23
942,1.0,1.0,1.7705426811898453e-23
1006,1.0,1.0,1.743515299337047e-23
1070,1.0,1.0,1.7227092358937545e-23
1134,1.0,1.0,1.706845946704349e-23
1198,1.0,1.0,1.6948965040922665e-23
1262,1.0,1.0,1.6861973397005607e-23
1326,1.0,1.0,1.6801654608554497e-23
312,1.0,1.0,1.5249174907488478e-23
248,1.0,1.0,9.043904109692087e-24
184,1.0,1.0,4.875498502110008e-24
120,1.0,1.0,2.5706231546381866e-24
1084,1.0,1.0,4.2397342481494874e-26
1148,1.0,1.0,4.2385008033830716e-26
1020,1.0,1.0,4.227696145386271e-26
1212,1.0,1.0,4.2269839715878624e-26
1276,1.0,1.0,4.2076238753562037e-26
956,1.0,1.0,4.198400575634432e-26
1340,1.0,1.0,4.182270114250733e-26
892,1.0,1.0,4.146792908494996e-26
828,1.0,1.0,4.0659310144650013e-26
764,1.0,1.0,3.9470137652844594e-26
700,1.0,1.0,3.778327185968336e-26
636,1.0,1.0,3.544394072083049e-26
572,1.0,1.0,3.2269378307408434e-26
508,1.0,1.0,2.8088242847168507e-26
444,1.0,1.0,2.2878566779676222e-26
380,1.0,1.0,1.65631494277088e-26
316,1.0,1.0,9.491052391488137e-27
252,1.0,1.0,4.840190690813317e-27
188,1.0,1.0,2.042266199590846e-27
124,1.0,1.0,5.867409337735499e-28
601,1.0,1.0,2.4370589487903616e-29
537,1.0,1.0,2.4316394018149103e-29
665,1.0,1.0,2.4212598600951074e-29
473,1.0,1.0,2.393793110482719e-29
729,1.0,1.0,2.391284766730876e-29
793,1.0,1.0,2.3520124999186815e-29
857,1.0,1.0,2.3068097099711943e-29
409,1.0,1.0,2.3023162122372124e-29
921,1.0,1.0,2.258001886755748e-29
985,1.0,1.0,2.2073638439178817e-29
1049,1.0,1.0,2.1560832570903818e-29
1113,1.0,1.0,2.1049918376748768e-29
345,1.0,1.0,2.1024896727445337e-29
1177,1.0,1.0,2.054628494866573e-29
1241,1.0,1.0,2.0054295086582978e-29
1305,1.0,1.0,1.9576390198700545e-29
281,1.0,1.0,1.6770395374945558e-29
217,1.0,1.0,1.34334012211615e-29
153,1.0,1.0,1.1275586334286564e-29
89,1.0,1.0,6.841434778836018e-30
154,1.0,1.0,8.755652977510905e-32
218,1.0,1.0,4.760956666010231e-32
90,1.0,1.0,2.5511114760811863e-32
282,1.0,1.0,2.2423314460540825e-32
346,1.0,1.0,1.4137440470454006e-32
410,1.0,1.0,1.1003583879933926e-32
474,1.0,1.0,9.51286548773691e-33
538,1.0,1.0,8.607264293190144e-33
602,1.0,1.0,8.015427900849166e-33
666,1.0,1.0,7.596114463141662e-33
730,1.0,1.0,7.277648278932594e-33
794,1.0,1.0,7.022475800405507e-33
858,1.0,1.0,6.809572944428533e-33
922,1.0,1.0,6.626477664884082e-33
986,1.0,1.0,6.465560935006629e-33
1050,1.0,1.0,6.321257335001749e-33
1114,1.0,1.0,6.190534377630626e-33
1178,1.0,1.0,6.070378238828188e-33
1242,1.0,1.0,5.959480581938657e-33
1306,1.0,1.0,5.856110623563871e-33
1332,1.0,1.0,9.141223539968746e-34
1268,1.0,1.0,9.124407708025411e-34
1204,1.0,1.0,9.105122517410717e-34
1140,1.0,1.0,9.08188130744553e-34
1076,1.0,1.0,9.053191787879203e-34
1012,1.0,1.0,9.016909676990858e-34
948,1.0,1.0,8.969883294609385e-34
884,1.0,1.0,8.908344435794637e-34
820,1.0,1.0,8.826534203846509e-34
756,1.0,1.0,8.716479276867616e-34
692,1.0,1.0,8.5674426845664e-34
628,1.0,1.0,8.362966388257354e-34
564,1.0,1.0,8.079382635843359e-34
500,1.0,1.0,7.679069140513879e-34
436,1.0,1.0,7.088873274073069e-34
372,1.0,1.0,6.190589847007739e-34
308,1.0,1.0,4.637672056834575e-34
180,1.0,1.0,3.896837692404214e-34
244,1.0,1.0,3.864376752878078e-34
404,1.0,1.0,2.69398530398329e-34
468,1.0,1.0,2.6889750530740555e-34
532,1.0,1.0,2.6130192865433594e-34
596,1.0,1.0,2.4925497549275875e-34
340,1.0,1.0,2.4387256214023833e-34
660,1.0,1.0,2.354945269581472e-34
724,1.0,1.0,2.214765152424534e-34
788,1.0,1.0,2.0788357279183523e-34
116,1.0,1.0,1.9721741595835354e-34
852,1.0,1.0,1.9502823072075925e-34
276,1.0,1.0,1.899980901770997e-34
916,1.0,1.0,1.8301550873799437e-34
980,1.0,1.0,1.7187882344065112e-34
1044,1.0,1.0,1.6158491351688297e-34
1108,1.0,1.0,1.521021623077213e-34
1172,1.0,1.0,1.4336031309680813e-34
1236,1.0,1.0,1.3531787235455282e-34
1300,1.0,1.0,1.2790559860360702e-34
212,1.0,1.0,7.475777914854768e-35
84,1.0,1.0,1.4240603975073277e-35
148,1.0,1.0,1.0925171262314602e-35
